{
  "no_stage0": {
    "tag": "no_stage0",
    "checkpoint": "/data/koe/ECE285-Final/checkpoints/stage2_no_stage0.pth",
    "config": {
      "lambda_embed": 0.1,
      "K": 8,
      "tag": "no_stage0"
    },
    "one_step": {
      "psnr": 9.449180678569675,
      "ssim": 0.21115548825259203,
      "mse": 0.1124865494141009,
      "embed_mse": 5.635582036007787e-06
    },
    "rollout": {
      "drift_5": 0.5146876431719595,
      "drift_10": 0.5359369964186552,
      "drift_20": 0.5468288447500272,
      "psnr_per_step": [
        9.4523755300842,
        8.938021321488023,
        8.770684411994687,
        8.643276129928072,
        8.59168922745306,
        8.541316063802194,
        8.51751344450537,
        8.51551742846013,
        8.532102189462341,
        8.51968412223552,
        8.509927314328273,
        8.539583257228513,
        8.514858294368324,
        8.517801795431186,
        8.527751394279896,
        8.526638616415514,
        8.520351347982837,
        8.525674763917081,
        8.510483485303272,
        8.515727014219799
      ]
    }
  },
  "K2": {
    "tag": "K2",
    "best_psnr": 33.500921289298574,
    "metrics": {
      "tag": "K2",
      "checkpoint": "/data/koe/ECE285-Final/checkpoints/stage2_K2.pth",
      "config": {
        "lambda_embed": 0.1,
        "K": 2,
        "tag": "K2"
      },
      "one_step": {
        "psnr": 33.50225365185768,
        "ssim": 0.994567710063106,
        "mse": 0.0004768386257573369,
        "embed_mse": 0.010696545898485763
      },
      "rollout": {
        "drift_5": 0.029272247652304087,
        "drift_10": 0.03918506238157587,
        "drift_20": 0.04449471794445451,
        "psnr_per_step": [
          34.59827312988698,
          32.92599699229107,
          32.274734312753694,
          31.89074693086381,
          31.258866481092603,
          30.646646789035124,
          30.403012734269016,
          30.290926389505135,
          30.232804101484984,
          30.23773968571605,
          30.232558408944964,
          30.24348301186953,
          30.231381167200457,
          30.23711290295142,
          30.2320040653894,
          30.243329271435822,
          30.231236292254145,
          30.23700782911486,
          30.231861562778523,
          30.243183329874828
        ]
      }
    }
  },
  "K4": {
    "tag": "K4",
    "best_psnr": 33.95020717088247,
    "metrics": {
      "tag": "K4",
      "checkpoint": "/data/koe/ECE285-Final/checkpoints/stage2_K4.pth",
      "config": {
        "lambda_embed": 0.1,
        "K": 4,
        "tag": "K4"
      },
      "one_step": {
        "psnr": 33.93971885997587,
        "ssim": 0.9953205141474207,
        "mse": 0.0004304932439143448,
        "embed_mse": 0.009220023039909722
      },
      "rollout": {
        "drift_5": 0.020377346944502175,
        "drift_10": 0.023268370376899838,
        "drift_20": 0.024999954535365656,
        "psnr_per_step": [
          34.921028962164954,
          33.546057582267,
          33.283443085244514,
          33.34828827441961,
          33.12351818945953,
          33.01547972817129,
          32.94236640039817,
          32.86931348715831,
          32.78918612571534,
          32.83819843860092,
          32.783209247991806,
          32.72250248190835,
          32.703106889067065,
          32.6625111516714,
          32.70629466592177,
          32.650094483838814,
          32.60247039881985,
          32.55838160449422,
          32.611422692415815,
          32.533936727835346
        ]
      }
    }
  },
  "K16": {
    "tag": "K16",
    "best_psnr": 34.33836649127819,
    "metrics": {
      "tag": "K16",
      "checkpoint": "/data/koe/ECE285-Final/checkpoints/stage2_K16.pth",
      "config": {
        "lambda_embed": 0.1,
        "K": 16,
        "tag": "K16"
      },
      "one_step": {
        "psnr": 34.33608928259804,
        "ssim": 0.996014675887815,
        "mse": 0.0003840012615701118,
        "embed_mse": 0.008160949212836876
      },
      "rollout": {
        "drift_5": 0.024803012341041777,
        "drift_10": 0.03092211000621319,
        "drift_20": 0.03509779625216171,
        "psnr_per_step": [
          35.19675347529088,
          33.50317717897215,
          32.539921688590994,
          32.31759148670144,
          32.09436897745178,
          31.97425897837233,
          31.737713272631936,
          31.713434837707435,
          31.620866333524525,
          31.494055052172204,
          31.47597972024093,
          31.470432424541876,
          31.471986350597973,
          31.474523014738693,
          31.46995203044636,
          31.47119806175993,
          31.470158191326203,
          31.475756535636986,
          31.4690810060352,
          31.471978433125308
        ]
      }
    }
  },
  "lam0p0": {
    "tag": "lam0p0",
    "best_psnr": 34.598709946693994,
    "metrics": {
      "tag": "lam0p0",
      "checkpoint": "/data/koe/ECE285-Final/checkpoints/stage2_lam0p0.pth",
      "config": {
        "lambda_embed": 0.0,
        "K": 8,
        "tag": "lam0p0"
      },
      "one_step": {
        "psnr": 34.584496468794725,
        "ssim": 0.9965444921015786,
        "mse": 0.0003614721236909138,
        "embed_mse": 0.010008875643257547
      },
      "rollout": {
        "drift_5": 0.025066170588080937,
        "drift_10": 0.0285666238194715,
        "drift_20": 0.03035383339224876,
        "psnr_per_step": [
          35.42897332358332,
          33.490373866620246,
          32.92740147701366,
          32.810235777143156,
          32.64205574886204,
          32.59095798755708,
          32.622507151927856,
          32.464482389306674,
          32.684735445933654,
          32.36006186084222,
          32.64640654324892,
          32.34604157510995,
          32.699229895014554,
          32.362516332162805,
          32.64210607226809,
          32.3426623378145,
          32.708224866368845,
          32.36490497442065,
          32.64139085519305,
          32.342900124787526
        ]
      }
    }
  },
  "lam0p01": {
    "tag": "lam0p01",
    "best_psnr": 34.54108345805236,
    "metrics": {
      "tag": "lam0p01",
      "checkpoint": "/data/koe/ECE285-Final/checkpoints/stage2_lam0p01.pth",
      "config": {
        "lambda_embed": 0.01,
        "K": 8,
        "tag": "lam0p01"
      },
      "one_step": {
        "psnr": 34.51986986539427,
        "ssim": 0.9964654887297865,
        "mse": 0.00036859506933302905,
        "embed_mse": 0.009944832444899774
      },
      "rollout": {
        "drift_5": 0.029962334886658944,
        "drift_10": 0.038075032620348365,
        "drift_20": 0.04324937414511463,
        "psnr_per_step": [
          35.4189473185304,
          33.34479892807979,
          32.13982603662484,
          32.285825814823106,
          31.39898386396888,
          31.345757426312254,
          30.77765511806766,
          30.851826515035736,
          30.544023620433617,
          30.634750283575812,
          30.550186528115123,
          30.601909110739705,
          30.48769734731439,
          30.436414182981373,
          30.38840059782486,
          30.46260277516952,
          30.4040308383367,
          30.430394987301632,
          30.380750355706375,
          30.462824019315388
        ]
      }
    }
  },
  "lam1p0": {
    "tag": "lam1p0",
    "best_psnr": 32.25818386111803,
    "metrics": {
      "tag": "lam1p0",
      "checkpoint": "/data/koe/ECE285-Final/checkpoints/stage2_lam1p0.pth",
      "config": {
        "lambda_embed": 1.0,
        "K": 8,
        "tag": "lam1p0"
      },
      "one_step": {
        "psnr": 32.22791951165939,
        "ssim": 0.9918219661093262,
        "mse": 0.0006328553903489415,
        "embed_mse": 0.009457033327409783
      },
      "rollout": {
        "drift_5": 0.03214046062819441,
        "drift_10": 0.041963028514018175,
        "drift_20": 0.048385795039083704,