{
  "tag": "dec_partial",
  "checkpoint": "/data/koe/ECE285-Final/checkpoints/stage2_dec_partial.pth",
  "config": {
    "lambda_embed": 0.1,
    "K": 8,
    "tag": "dec_partial"
  },
  "one_step": {
    "psnr": 49.567748371834526,
    "ssim": 0.9998566896262634,
    "mse": 3.2157820039648982e-06,
    "embed_mse": 9.43961478407269e-06
  },
  "rollout": {
    "drift_5": 1.2052314602495994e-05,
    "drift_10": 1.2448458949165798e-05,
    "drift_20": 1.2659941476426064e-05,
    "psnr_per_step": [
      50.054129185217064,
      49.85969835339212,
      49.82516046018963,
      49.7631236581355,
      49.85413943843319,
      49.796423356733314,
      49.81983118259574,
      49.76129250777865,
      49.853578091119104,
      49.79551121592084,
      49.819647029751906,
      49.76030519276059,
      49.85338421319414,
      49.795338633978375,
      49.820338956054286,
      49.759758837475495,
      49.853586309370726,
      49.79582999355052,
      49.819202570543915,
      49.7600032356846
    ]
  }
}