{
  "tag": "lam0p0",
  "checkpoint": "/data/koe/ECE285-Final/checkpoints/stage2_lam0p0.pth",
  "config": {
    "lambda_embed": 0.0,
    "K": 8,
    "tag": "lam0p0"
  },
  "one_step": {
    "psnr": 34.584496468794725,
    "ssim": 0.9965444921015786,
    "mse": 0.0003614721236909138,
    "embed_mse": 0.010008875643257547
  },
  "rollout": {
    "drift_5": 0.025066170588080937,
    "drift_10": 0.0285666238194715,
    "drift_20": 0.03035383339224876,
    "psnr_per_step": [
      35.42897332358332,
      33.490373866620246,
      32.92740147701366,
      32.810235777143156,
      32.64205574886204,
      32.59095798755708,
      32.622507151927856,
      32.464482389306674,
      32.684735445933654,
      32.36006186084222,
      32.64640654324892,
      32.34604157510995,
      32.699229895014554,
      32.362516332162805,
      32.64210607226809,
      32.3426623378145,
      32.708224866368845,
      32.36490497442065,
      32.64139085519305,
      32.342900124787526
    ]
  }
}