{
  "tag": "K16",
  "checkpoint": "/data/koe/ECE285-Final/checkpoints/stage2_K16.pth",
  "config": {
    "lambda_embed": 0.1,
    "K": 16,
    "tag": "K16"
  },
  "one_step": {
    "psnr": 34.33608928259804,
    "ssim": 0.996014675887815,
    "mse": 0.0003840012615701118,
    "embed_mse": 0.008160949212836876
  },
  "rollout": {
    "drift_5": 0.024803012341041777,
    "drift_10": 0.03092211000621319,
    "drift_20": 0.03509779625216171,
    "psnr_per_step": [
      35.19675347529088,
      33.50317717897215,
      32.539921688590994,
      32.31759148670144,
      32.09436897745178,
      31.97425897837233,
      31.737713272631936,
      31.713434837707435,
      31.620866333524525,
      31.494055052172204,
      31.47597972024093,
      31.470432424541876,
      31.471986350597973,
      31.474523014738693,
      31.46995203044636,
      31.47119806175993,
      31.470158191326203,
      31.475756535636986,
      31.4690810060352,
      31.471978433125308
    ]
  }
}