{
  "tag": "K2",
  "checkpoint": "/data/koe/ECE285-Final/checkpoints/stage2_K2.pth",
  "config": {
    "lambda_embed": 0.1,
    "K": 2,
    "tag": "K2"
  },
  "one_step": {
    "psnr": 33.50225365185768,
    "ssim": 0.994567710063106,
    "mse": 0.0004768386257573369,
    "embed_mse": 0.010696545898485763
  },
  "rollout": {
    "drift_5": 0.029272247652304087,
    "drift_10": 0.03918506238157587,
    "drift_20": 0.04449471794445451,
    "psnr_per_step": [
      34.59827312988698,
      32.92599699229107,
      32.274734312753694,
      31.89074693086381,
      31.258866481092603,
      30.646646789035124,
      30.403012734269016,
      30.290926389505135,
      30.232804101484984,
      30.23773968571605,
      30.232558408944964,
      30.24348301186953,
      30.231381167200457,
      30.23711290295142,
      30.2320040653894,
      30.243329271435822,
      30.231236292254145,
      30.23700782911486,
      30.231861562778523,
      30.243183329874828
    ]
  }
}