{
  "tag": "lam1p0",
  "checkpoint": "/data/koe/ECE285-Final/checkpoints/stage2_lam1p0.pth",
  "config": {
    "lambda_embed": 1.0,
    "K": 8,
    "tag": "lam1p0"
  },
  "one_step": {
    "psnr": 32.22791951165939,
    "ssim": 0.9918219661093262,
    "mse": 0.0006328553903489415,
    "embed_mse": 0.009457033327409783
  },
  "rollout": {
    "drift_5": 0.03214046062819441,
    "drift_10": 0.041963028514018175,
    "drift_20": 0.048385795039083704,
    "psnr_per_step": [
      33.50409012126973,
      31.884568185448273,
      30.789116779672728,
      29.78037018384819,
      29.433384589909025,
      29.22681128744517,
      29.001904523995535,
      28.727154395974544,
      28.448364262010756,
      28.169466953853536,
      28.013836687726037,
      27.889162677076282,
      27.873272411333414,
      27.74275901854687,
      27.66477542305924,
      27.565092237229987,
      27.584837961597568,
      27.52948399983125,
      27.52010108350874,
      27.381930960729573
    ]
  }
}