{
  "tag": "lam0p01",
  "checkpoint": "/data/koe/ECE285-Final/checkpoints/stage2_lam0p01.pth",
  "config": {
    "lambda_embed": 0.01,
    "K": 8,
    "tag": "lam0p01"
  },
  "one_step": {
    "psnr": 34.51986986539427,
    "ssim": 0.9964654887297865,
    "mse": 0.00036859506933302905,
    "embed_mse": 0.009944832444899774
  },
  "rollout": {
    "drift_5": 0.029962334886658944,
    "drift_10": 0.038075032620348365,
    "drift_20": 0.04324937414511463,
    "psnr_per_step": [
      35.4189473185304,
      33.34479892807979,
      32.13982603662484,
      32.285825814823106,
      31.39898386396888,
      31.345757426312254,
      30.77765511806766,
      30.851826515035736,
      30.544023620433617,
      30.634750283575812,
      30.550186528115123,
      30.601909110739705,
      30.48769734731439,
      30.436414182981373,
      30.38840059782486,
      30.46260277516952,
      30.4040308383367,
      30.430394987301632,
      30.380750355706375,
      30.462824019315388
    ]
  }
}