{
  "tag": "K4",
  "checkpoint": "/data/koe/ECE285-Final/checkpoints/stage2_K4.pth",
  "config": {
    "lambda_embed": 0.1,
    "K": 4,
    "tag": "K4"
  },
  "one_step": {
    "psnr": 33.93971885997587,
    "ssim": 0.9953205141474207,
    "mse": 0.0004304932439143448,
    "embed_mse": 0.009220023039909722
  },
  "rollout": {
    "drift_5": 0.020377346944502175,
    "drift_10": 0.023268370376899838,
    "drift_20": 0.024999954535365656,
    "psnr_per_step": [
      34.921028962164954,
      33.546057582267,
      33.283443085244514,
      33.34828827441961,
      33.12351818945953,
      33.01547972817129,
      32.94236640039817,
      32.86931348715831,
      32.78918612571534,
      32.83819843860092,
      32.783209247991806,
      32.72250248190835,
      32.703106889067065,
      32.6625111516714,
      32.70629466592177,
      32.650094483838814,
      32.60247039881985,
      32.55838160449422,
      32.611422692415815,
      32.533936727835346
    ]
  }
}