{
  "tag": "default",
  "checkpoint": "checkpoints/stage2_default.pth",
  "config": {
    "lambda_embed": 0.1,
    "K": 8,
    "tag": "default"
  },
  "one_step": {
    "psnr": 34.65876128070292,
    "ssim": 0.9959355739144781,
    "mse": 0.0003517366023950559,
    "embed_mse": 0.0039312725678597275
  },
  "rollout": {
    "drift_5": 0.015239174927667005,
    "drift_10": 0.023405848048723248,
    "drift_20": 0.027481203912654618,
    "psnr_per_step": [
      35.54944929479644,
      34.69367458736874,
      33.70152770601121,
      33.24243463967266,
      32.708772365598676,
      32.203914306252045,
      31.888011890226206,
      31.879117356907084,
      32.02425940719271,
      32.03620085973683,
      32.02975516331595,
      31.909229745248762,
      31.974310744285464,
      31.61906713657573,
      31.84655247404701,
      31.8581893473405,
      31.854917274945343,
      31.80953064602236,
      31.825840157309266,
      31.919302896397625
    ]
  }
}