{
  "tag": "no_stage0",
  "checkpoint": "/data/koe/ECE285-Final/checkpoints/stage2_no_stage0.pth",
  "config": {
    "lambda_embed": 0.1,
    "K": 8,
    "tag": "no_stage0"
  },
  "one_step": {
    "psnr": 9.449180678569675,
    "ssim": 0.21115548825259203,
    "mse": 0.1124865494141009,
    "embed_mse": 5.635582036007787e-06
  },
  "rollout": {
    "drift_5": 0.5146876431719595,
    "drift_10": 0.5359369964186552,
    "drift_20": 0.5468288447500272,
    "psnr_per_step": [
      9.4523755300842,
      8.938021321488023,
      8.770684411994687,
      8.643276129928072,
      8.59168922745306,
      8.541316063802194,
      8.51751344450537,
      8.51551742846013,
      8.532102189462341,
      8.51968412223552,
      8.509927314328273,
      8.539583257228513,
      8.514858294368324,
      8.517801795431186,
      8.527751394279896,
      8.526638616415514,
      8.520351347982837,
      8.525674763917081,
      8.510483485303272,
      8.515727014219799
    ]
  }
}