{
  "train_loss": [
    0.004016108797633604,
    0.0004992595780256848,
    0.00011112629619874892,
    4.092943113951557e-05,
    2.1219851742191694e-05
  ],
  "train_l_pixel": [
    0.002413105813604818,
    0.00040055793066998016,
    9.687812108429956e-05,
    3.6198429922356e-05,
    1.8765206247139634e-05
  ],
  "train_l_embed": [
    0.01603002950015782,
    0.0009870164572080922,
    0.0001424817495498902,
    4.731001138100113e-05,
    2.4546454362361176e-05
  ],
  "val_loss": [
    0.0013451022466210662,
    0.00019278370572941466,
    5.864506058716041e-05,
    3.179121219077625e-05,
    1.34749324771991e-05
  ],
  "val_psnr": [
    37.71561344656405,
    44.27031158051544,
    47.38680956751722,
    48.434309465775826,
    49.5456552833557
  ],
  "val_ssim": [
    0.9967285218527159,
    0.9992736028965445,
    0.9997025972613897,
    0.9998072938960441,
    0.9998569925952726
  ],
  "val_mse": [
    0.0002565819125094814,
    4.201762216791823e-05,
    1.3182195043699475e-05,
    7.1348289052706745e-06,
    3.16948320844254e-06
  ]
}