{
  "train_loss": [
    0.004303173699277321,
    0.003146805613633453,
    0.0031380979966296307,
    0.0031341706079584765,
    0.003130728641326056,
    0.0031285466343492206,
    0.003125192818097978,
    0.00312379562201542,
    0.0031234768733668017,
    0.0031210857582410455,
    0.003120539737155845,
    0.0031194759399406293,
    0.003118736586106797,
    0.0031177198658987096,
    0.003116207274377482,
    0.003115011122309535,
    0.0031120986751402638,
    0.0031087976678518393,
    0.0031052116711090356,
    0.003102160747914451
  ],
  "val_loss": [
    0.003192474304938613,
    0.0031771942081848556,
    0.0031761704655406298,
    0.0031692668747123147,
    0.003165558781221981,
    0.0031644649333763043,
    0.003169677943008113,
    0.00315968568618009,
    0.003159704663457846,
    0.0031617469190118406,
    0.0031572277015032946,
    0.0031612144722034355,
    0.0031587743154006306,
    0.0031594775124069523,
    0.0031591877204311244,
    0.0031609673672503206,
    0.003161755180812327,
    0.0031668182295995734,
    0.0031722508638473523,
    0.0031732948711858345
  ],
  "val_psnr": [
    31.269244089386742,
    31.278134710512912,
    31.316965820705143,
    31.29330207072968,
    31.31404877774041,
    31.33122777207841,
    31.25284847163893,
    31.266643185961637,
    31.276237919690917,
    31.254305518318507,
    31.28739409139846,
    31.334957234087188,
    31.29014735915608,
    31.3204943841877,
    31.283757285774648,
    31.297761947074388,
    31.297565289708935,
    31.293355891390448,
    31.313508947431384,
    31.30286406688276
  ]
}