{
  "train_loss": [
    0.005566481205408248,
    0.004775867749482082,
    0.0032197572103583897,
    0.0026384827212726993,
    0.002447886277713455,
    0.002347283311636275,
    0.002259436221966871,
    0.0021761115232058477,
    0.0021068196136269147,
    0.0020516701503755456,
    0.0020060214731886235,
    0.0019753138286784117,
    0.0019509159090655755,
    0.0019319419285230544,
    0.0019156200776051966,
    0.001897626621859709,
    0.001878995707686406,
    0.0018644135856322123,
    0.0018527472810557506,
    0.0018431843272426567,
    0.0018340957376441114,
    0.001828005057118971,
    0.001823055266353211,
    0.0018195792597829176,
    0.0018163820799276809,
    0.001814580380213046,
    0.0018131320642808901,
    0.0018121969590356164,
    0.0018119784741687168,
    0.0018117056051146795
  ],
  "train_l_pixel": [
    0.00311045319773007,
    0.002734861816639232,
    0.0020001980827731194,
    0.0016750258296307553,
    0.0015713539079793715,
    0.0015450866582492988,
    0.0015457720230337253,
    0.0015439486659483345,
    0.00152656973315766,
    0.0015055910109677926,
    0.0014868469595520507,
    0.0014728973886561569,
    0.0014617703882198142,
    0.0014525267875149695,
    0.0014444109746478508,
    0.0014354942802796338,
    0.0014256875702964437,
    0.0014179334797206882,
    0.0014117371451574684,
    0.001406518847837177,
    0.0014017128977701309,
    0.0013982765243263087,
    0.0013953857337701322,
    0.0013934987933769797,
    0.0013916548251290024,
    0.0013907616568722288,
    0.001390051964625964,
    0.001389511508601659,
    0.0013891931833760784,
    0.0013892908454351937
  ],
  "train_l_embed": [
    0.024560279576280188,
    0.020410058885557015,
    0.012195591017609869,
    0.00963456871012487,
    0.008765323467195017,
    0.008021966338314498,
    0.007136641824870231,
    0.006321628389944497,
    0.005802498637858681,
    0.005460791225245657,
    0.005191745008493068,
    0.005024164279967299,
    0.0048914550798356965,
    0.004794151314301229,
    0.004712090949091105,
    0.004621323323829839,
    0.00453308128480085,
    0.004464801002733887,
    0.0044101012825589255,
    0.004366654722313738,
    0.004323828318756954,
    0.004297285258620638,
    0.004276695258647691,
    0.004260804599248918,
    0.0042472724702516925,
    0.00423818716060567,
    0.004230800919875615,
    0.00422685443790573,
    0.004227852838370648,
    0.004224147532171712
  ],
  "val_loss": [
    0.005482877152729062,
    0.004374247635112834,
    0.002789322811637133,
    0.0025080920027066318,
    0.0023826280560728815,
    0.002291767118295946,
    0.002203560287508767,
    0.0021192842952974665,
    0.0020631607740699332,
    0.0020091830456604055,
    0.001974605713905492,
    0.001949650139649253,
    0.0019280116985575244,
    0.0019123120795166682,
    0.0018950211203101676,
    0.0018767501423431058,
    0.001859067853164274,
    0.0018455484856127037,
    0.0018355913260685547,
    0.0018269106805907423,
    0.0018199007705280604,
    0.0018143165843928753,
    0.0018094851447442491,
    0.001806889750145781,
    0.001805424796102691,
    0.0018028108349762637,
    0.0018016569561360915,
    0.0018017933315379955,
    0.0018010903706841695,
    0.0018011177084862747
  ],
  "val_psnr": [
    31.422600862341536,
    32.514767406146824,
    33.82566146315844,
    34.18376817257617,
    34.31454848999364,
    34.287426809386126,
    34.242544014893284,
    34.27091784051204,
    34.33546656488125,
    34.35349676727492,
    34.412062337394524,
    34.443277173619116,
    34.47307933580207,
    34.4859066378913,
    34.518086591850064,
    34.551310554504724,
    34.56026417351297,
    34.59318534506347,
    34.605830206887696,
    34.62219439271538,
    34.63525950725163,
    34.64287362366173,
    34.65014653086866,
    34.65473826888978,
    34.65554096258405,
    34.66528060041342,
    34.664780773451746,
    34.66393863263296,
    34.6658337186495,
    34.665847307498005
  ],
  "val_ssim": [
    0.9913583155476311,
    0.9937599794608662,
    0.9955088801739255,
    0.9959335233003167,
    0.9960703306676817,
    0.9959260614253104,
    0.9957640703859115,
    0.9957460248773895,
    0.9957980115389115,
    0.9957727250170075,
    0.9958290944463097,
    0.9958386819600025,
    0.9958641452865331,
    0.995846723486501,
    0.9958921155352006,
    0.9959415775581762,
    0.9959180437549431,
    0.9959560546242093,
    0.9959656961411134,
    0.995979487627484,
    0.9959864423892238,
    0.9959956281668794,
    0.9959955198176776,
    0.9960026104892409,
    0.9960012924670577,
    0.9960119306542573,
    0.9960133311600016,
    0.9960076395358922,
    0.9960108715181907,
    0.9960106469880055
  ],
  "val_mse": [
    0.0007691979400344751,
    0.0006293792381450796,
    0.0004408158569928267,
    0.0004015761302058667,
    0.00038663780064873243,
    0.00038844510153159835,
    0.00039217826854089137,
    0.0003883473919873504,
    0.00038206988635162514,
    0.0003804224318230225,
    0.0003747861894943631,
    0.0003719665496842408,
    0.00036907385932566714,
    0.00036857942187347686,
    0.0003651882760182378,
    0.0003623436482928381,
    0.0003613883885106203,
    0.0003584328823186491,
    0.00035739004244508387,
    0.00035583554541896985,
    0.0003549745095188385,
    0.00035417622325903907,
    0.0003536248141018011,
    0.0003531833120295461,
    0.00035293946528908653,
    0.00035223369383677636,
    0.0003522626759723049,
    0.0003524359982580056,
    0.0003522396339219731,
    0.0003522444940636741
  ]
}