{
  "train_loss": [
    0.005568599159691706,
    0.005271356068696396,
    0.00505391550611242,
    0.004345376678880081,
    0.003262206330057758
  ],
  "train_l_pixel": [
    0.003112334587962658,
    0.0029887329475700927,
    0.0029124684067886072,
    0.0025508728217182204,
    0.002048187234185958
  ],
  "train_l_embed": [
    0.0245626452490068,
    0.022826230751346026,
    0.02141447052895048,
    0.017945038180445644,
    0.012140190681618942
  ],
  "val_loss": [
    0.005587573670053563,
    0.005265550369020898,
    0.005050977035224978,
    0.003744481382215746,
    0.0030046261228249323
  ],
  "val_psnr": [
    31.342368048627613,
    31.570054880069524,
    31.671379440393366,
    32.92749877441236,
    33.500921289298574
  ],
  "val_ssim": [
    0.9913194078252981,
    0.9917544105141248,
    0.9920124222187962,
    0.9941016358759764,
    0.9946216666536768
  ],
  "val_mse": [
    0.0007822568706012924,
    0.0007439288123280587,
    0.0007261966682216596,
    0.0005651506428477986,
    0.0004791204276169458
  ]
}