{
  "train_loss": [
    0.026896132875536587,
    0.02135327777264105,
    0.013679620841821243,
    0.010825648202045604,
    0.008858120207269955
  ],
  "train_l_pixel": [
    0.00318363894548364,
    0.0030372177214968875,
    0.002535560581102352,
    0.0025548353711254026,
    0.0026714295395104263
  ],
  "train_l_embed": [
    0.0237124939887445,
    0.018316060117827757,
    0.011144060243173862,
    0.008270812794425295,
    0.006186690660641616
  ],
  "val_loss": [
    0.026222882969748406,
    0.016671755277211705,
    0.012012722059374764,
    0.00935417375276013,
    0.008017564255769561
  ],
  "val_psnr": [
    31.123190939632106,
    31.81625513979779,
    32.25818386111803,
    31.79752994290284,
    31.704164961607574
  ],
  "val_ssim": [
    0.9905182656547877,
    0.9908592632627099,
    0.9919599460409348,
    0.9910758989081135,
    0.990903715724666
  ],
  "val_mse": [
    0.0008197318730335218,
    0.000712787757560087,
    0.0006305164786355566,
    0.0006845948113975392,
    0.0006932198759506281
  ]
}