{
  "train_loss": [
    0.00557641987645133,
    0.0048204423293029776,
    0.003421616588363793,
    0.0030123995348924036,
    0.002748265338361815
  ],
  "train_l_pixel": [
    0.0031133454030648883,
    0.0027805680998986386,
    0.00213129418337911,
    0.001894176026016272,
    0.0017409149750160064
  ],
  "train_l_embed": [
    0.02463074427744392,
    0.020398741818267174,
    0.012903223769750758,
    0.01118223483307843,
    0.010073503395819727
  ],
  "val_loss": [
    0.005663491321976831,
    0.003951531416227589,
    0.00319066791649477,
    0.002917688732751373,
    0.002663673777576713
  ],
  "val_psnr": [
    31.315285958463875,
    32.64867818713433,
    33.308111538400475,
    33.64208486858154,
    33.95020717088247
  ],
  "val_ssim": [
    0.9913702879966987,
    0.9934491187424674,
    0.994347015233556,
    0.994888923244247,
    0.9953998603035126
  ],
  "val_mse": [
    0.000787562400428895,
    0.0006038095003396247,
    0.000500774185044919,
    0.0004615658844552951,
    0.00043107399854507055
  ]
}