{
  "train_loss": [
    0.005556963548987313,
    0.00468787057330239,
    0.0035617508343951643,
    0.00266595121291255,
    0.0024300233962837995
  ],
  "train_l_pixel": [
    0.0031043982457196737,
    0.0026859097363133573,
    0.0021087417362975125,
    0.0016685093707272912,
    0.0015474745488197879
  ],
  "train_l_embed": [
    0.02452565251993698,
    0.020019607917653167,
    0.014530090702066763,
    0.009974418183527418,
    0.008825488270780625
  ],
  "val_loss": [
    0.005430552961680692,
    0.00430674842440538,
    0.003279414617133384,
    0.0024908987864378897,
    0.002366075946108909
  ],
  "val_psnr": [
    31.41313054642869,
    32.51202169157759,
    33.51622766808843,
    34.25091986066337,
    34.33836649127819
  ],
  "val_ssim": [
    0.9914059960465823,
    0.9931591812664032,
    0.9946899459540853,
    0.9960073293271419,
    0.9960840819101556
  ],
  "val_mse": [
    0.0007702637149143517,
    0.0006262764895372853,
    0.0004897490741691368,
    0.0003947621799953696,
    0.0003849191640903899
  ]
}