{
  "train_loss": [
    0.03345140045697055,
    0.007898871100326107,
    0.004023156710244769,
    0.0025615085739720805,
    0.0018966205344558137,
    0.0015245584492439533,
    0.0012877275923453822,
    0.001127568907381032,
    0.001011549200797461,
    0.000930513378644058,
    0.0008639901745236499,
    0.000820872526773576,
    0.0007946818294988874,
    0.000775700568932489,
    0.0007668535948778957
  ],
  "val_loss": [
    0.011622683262313102,
    0.004435933938687097,
    0.002334888604767367,
    0.0015787426297169584,
    0.0013092256919586451,
    0.0010900988721060662,
    0.0009492257907073269,
    0.0008838941975559537,
    0.0008175613319943712,
    0.0007560499841830421,
    0.0007015297883887123,
    0.0006763477625732907,
    0.0006726844154552783,
    0.0006688360099484321,
    0.0006661314546198441
  ],
  "val_cos_sim": [
    0.935969935793455,
    0.9760921829952405,
    0.9881507362367885,
    0.9924318937757929,
    0.9937341502464277,
    0.9949134426052068,
    0.9956711382011708,
    0.9960210670689607,
    0.9965671236012258,
    0.9968737703061699,
    0.9971662774648256,
    0.9972774459391224,
    0.9973420544005845,
    0.9973718164459108,
    0.9973971870751067
  ],
  "format_rate": [
    1.0,
    1.0,
    1.0,
    1.0,
    1.0,
    1.0,
    1.0,
    1.0,
    1.0,
    1.0,
    1.0,
    1.0,
    1.0,
    1.0,
    1.0
  ]
}