{
  "train_loss": [
    0.531812110801394,
    0.50281743614563,
    0.475030701084986,
    0.4608301208338299,
    0.45066064561011165
  ],
  "train_l_pixel": [
    0.5318113488721349,
    0.5028167807342988,
    0.475030105566013,
    0.4608295544298637,
    0.45066007935799424
  ],
  "train_l_embed": [
    7.641754853143976e-06,
    6.517438590596238e-06,
    5.964136323621576e-06,
    5.662902234429687e-06,
    5.655536405983116e-06
  ],
  "val_loss": [
    0.5054928496851673,
    0.5071440305298959,
    0.5772973119266449,
    0.542353502747153,
    0.4504060839849805
  ],
  "val_psnr": [
    8.94607438832382,
    8.931982641834301,
    8.371197270484146,
    8.641694063534182,
    9.444539986568989
  ],
  "val_ssim": [
    0.14286728555619552,
    0.1282217631136611,
    0.037123648326933004,
    0.0832703703583284,
    0.20931348748633613
  ],
  "val_mse": [
    0.12637304877883454,
    0.12678584392243772,
    0.14432415116130629,
    0.1355882243437021,
    0.11260137894526631
  ]
}