{
  "train_loss": [
    0.0033504375484870678,
    0.0028306466692618547,
    0.0021894734067673532,
    0.0018018402657655164,
    0.0016153467807606097
  ],
  "train_l_pixel": [
    0.0031041324361044884,
    0.0026312833424002235,
    0.002037822641469748,
    0.0016822543310650345,
    0.0015114730482630792
  ],
  "train_l_embed": [
    0.024630511744004307,
    0.019936333067033848,
    0.015165077003913355,
    0.011958593738655697,
    0.010387373493385438
  ],
  "val_loss": [
    0.003300208318028219,
    0.002423438914605921,
    0.0019525951616647663,
    0.0016596952158653615,
    0.0015710474400044063
  ],
  "val_psnr": [
    31.465549416735787,
    33.11401214159203,
    33.773265438514855,
    34.33061316575088,
    34.54108345805236
  ],
  "val_ssim": [
    0.9915560493319583,
    0.9943553971367228,
    0.9957522489208775,
    0.9963049630504158,
    0.9965456520616393
  ],
  "val_mse": [
    0.0007640161259044933,
    0.0005644236212435797,
    0.0004541608973516071,
    0.0003883668543985261,
    0.00036745525151068797
  ]
}