{
  "train_loss": [
    0.0031103869567563535,
    0.0026702191426235655,
    0.001962713663492249,
    0.0016074556192759296,
    0.0014860999408198262
  ],
  "train_l_pixel": [
    0.0031103869567563535,
    0.0026702191426235655,
    0.001962713663492249,
    0.0016074556192759296,
    0.0014860999408198262
  ],
  "train_l_embed": [
    0.024701883708701022,
    0.02070550992385604,
    0.014428656020287407,
    0.011168108724075657,
    0.010413916852474054
  ],
  "val_loss": [
    0.0031169293804174446,
    0.0022336902179229423,
    0.0017448986469727863,
    0.001523335864756873,
    0.001444211071557756
  ],
  "val_psnr": [
    31.362006167609426,
    33.1453543957758,
    33.9213711527452,
    34.3912254330404,
    34.598709946693994
  ],
  "val_ssim": [
    0.9914598089230217,
    0.994560395388346,
    0.9958544389027468,
    0.9963863616766326,
    0.9966225479633679
  ],
  "val_mse": [
    0.0007792323439164497,
    0.0005584225540847651,
    0.000436224662073172,
    0.00038083396579324775,
    0.0003610527679554341
  ]
}